{
  "experiment_id": 30,
  "params": {
    "confidence_threshold": 0.6,
    "min_edge_required": 0.0,
    "max_bet_rate": 0.4,
    "max_bet_amount": 30,
    "use_kelly_criterion": false,
    "kelly_fraction": 0.25,
    "no_bet_reward_multiplier": 0.5,
    "draw_penalty_multiplier": 1.5,
    "global_timesteps": 1000000,
    "learning_rate": 0.0001
  },
  "success": true,
  "roi": -0.054827268539843384,
  "winrate": 0.4857142857142857,
  "total_profit": -119.02999999999999,
  "total_invested": 2171.0,
  "total_bets": 175,
  "total_wins": 85,
  "avg_profit_per_bet": -0.6801714285714285,
  "max_drawdown": 143.56,
  "sharpe_ratio": -0.13241240581313124,
  "sortino_ratio": -0.22635756783427427,
  "profit_factor": 0.8899907578558224,
  "calmar_ratio": 0,
  "volatility": 35.95735588944215,
  "avg_bet_size": 12.405714285714286,
  "bet_frequency": 7.0,
  "max_consecutive_losses": 9,
  "action_distribution": {
    "Away": {
      "BetAmount": 29,
      "Won": 9,
      "Profit": -58.6
    },
    "Home": {
      "BetAmount": 33,
      "Won": 18,
      "Profit": -32.74999999999999
    },
    "No Bet": {
      "BetAmount": 50,
      "Won": 0,
      "Profit": 0.0
    },
    "Over": {
      "BetAmount": 53,
      "Won": 32,
      "Profit": -78.52
    },
    "Under": {
      "BetAmount": 60,
      "Won": 26,
      "Profit": 50.83999999999999
    }
  },
  "composite_score": 0.09932666802500394
}