{
  "experiment_id": 17,
  "params": {
    "confidence_threshold": 0.6,
    "min_edge_required": 0.02,
    "max_bet_rate": 0.3,
    "max_bet_amount": 20,
    "use_kelly_criterion": true,
    "kelly_fraction": 0.25,
    "no_bet_reward_multiplier": 0.5,
    "draw_penalty_multiplier": 1.5,
    "global_timesteps": 1000000,
    "learning_rate": 0.0001
  },
  "success": true,
  "roi": -0.0753114473585089,
  "winrate": 0.4438202247191011,
  "total_profit": -139.9603000000001,
  "total_invested": 1858.4199999999998,
  "total_bets": 178,
  "total_wins": 79,
  "avg_profit_per_bet": -0.7862938202247197,
  "max_drawdown": 201.05230000000003,
  "sharpe_ratio": -0.16761935083485666,
  "sortino_ratio": -0.36922907119451076,
  "profit_factor": 0.8440017667844523,
  "calmar_ratio": 0,
  "volatility": 33.399556627061024,
  "avg_bet_size": 10.440561797752808,
  "bet_frequency": 7.12,
  "max_consecutive_losses": 10,
  "action_distribution": {
    "Away": {
      "BetAmount": 24,
      "Won": 7,
      "Profit": 27.5
    },
    "Home": {
      "BetAmount": 32,
      "Won": 10,
      "Profit": -80.33000000000001
    },
    "No Bet": {
      "BetAmount": 47,
      "Won": 0,
      "Profit": 0.0
    },
    "Over": {
      "BetAmount": 80,
      "Won": 49,
      "Profit": -36.36
    },
    "Under": {
      "BetAmount": 42,
      "Won": 13,
      "Profit": -87.4
    }
  },
  "composite_score": 0.08033572372617792
}