{
  "experiment_id": 41,
  "params": {
    "confidence_threshold": 0.6,
    "min_edge_required": 0.05,
    "max_bet_rate": 0.3,
    "max_bet_amount": 30,
    "use_kelly_criterion": false,
    "kelly_fraction": 0.25,
    "no_bet_reward_multiplier": 0.5,
    "draw_penalty_multiplier": 1.5,
    "global_timesteps": 1000000,
    "learning_rate": 0.0001
  },
  "success": true,
  "roi": -0.10703048180924289,
  "winrate": 0.41379310344827586,
  "total_profit": -217.70000000000005,
  "total_invested": 2034.0,
  "total_bets": 174,
  "total_wins": 72,
  "avg_profit_per_bet": -1.2511494252873565,
  "max_drawdown": 247.89000000000001,
  "sharpe_ratio": -0.3351348360070865,
  "sortino_ratio": -0.6280201311701067,
  "profit_factor": 0.808867427568042,
  "calmar_ratio": 0,
  "volatility": 25.98357157898044,
  "avg_bet_size": 11.689655172413794,
  "bet_frequency": 6.96,
  "max_consecutive_losses": 12,
  "action_distribution": {
    "Away": {
      "BetAmount": 27,
      "Won": 6,
      "Profit": -1.1000000000000085
    },
    "Home": {
      "BetAmount": 49,
      "Won": 19,
      "Profit": -25.400000000000006
    },
    "No Bet": {
      "BetAmount": 51,
      "Won": 0,
      "Profit": 0.0
    },
    "Over": {
      "BetAmount": 58,
      "Won": 33,
      "Profit": -86.5
    },
    "Under": {
      "BetAmount": 40,
      "Won": 14,
      "Profit": -104.7
    }
  },
  "composite_score": 0.04968382073189316
}