{
  "experiment_id": 24,
  "params": {
    "confidence_threshold": 0.65,
    "min_edge_required": 0.02,
    "max_bet_rate": 0.3,
    "max_bet_amount": 30,
    "use_kelly_criterion": false,
    "kelly_fraction": 0.25,
    "no_bet_reward_multiplier": 0.5,
    "draw_penalty_multiplier": 1.5,
    "global_timesteps": 1000000,
    "learning_rate": 0.0001
  },
  "success": true,
  "roi": -0.03365281777046484,
  "winrate": 0.47715736040609136,
  "total_profit": -81.81000000000003,
  "total_invested": 2431.0,
  "total_bets": 197,
  "total_wins": 94,
  "avg_profit_per_bet": -0.41527918781725903,
  "max_drawdown": 182.57000000000002,
  "sharpe_ratio": -0.09425037420461999,
  "sortino_ratio": -0.20183195572399237,
  "profit_factor": 0.9335418359057677,
  "calmar_ratio": 0,
  "volatility": 34.720286551812904,
  "avg_bet_size": 12.34010152284264,
  "bet_frequency": 7.88,
  "max_consecutive_losses": 7,
  "action_distribution": {
    "Away": {
      "BetAmount": 55,
      "Won": 21,
      "Profit": 60.78000000000001
    },
    "Home": {
      "BetAmount": 25,
      "Won": 8,
      "Profit": -95.78999999999999
    },
    "No Bet": {
      "BetAmount": 28,
      "Won": 0,
      "Profit": 0.0
    },
    "Over": {
      "BetAmount": 64,
      "Won": 39,
      "Profit": -87.03999999999999
    },
    "Under": {
      "BetAmount": 53,
      "Won": 26,
      "Profit": 40.239999999999995
    }
  },
  "composite_score": 0.10859949009655273
}