{
  "experiment_id": 18,
  "params": {
    "confidence_threshold": 0.55,
    "min_edge_required": 0.02,
    "max_bet_rate": 0.3,
    "max_bet_amount": 30,
    "use_kelly_criterion": true,
    "kelly_fraction": 0.25,
    "no_bet_reward_multiplier": 0.5,
    "draw_penalty_multiplier": 1.5,
    "global_timesteps": 1000000,
    "learning_rate": 0.0001
  },
  "success": true,
  "roi": 0.00536909757704337,
  "winrate": 0.4918032786885246,
  "total_profit": 10.350599999999979,
  "total_invested": 1927.8099999999997,
  "total_bets": 183,
  "total_wins": 90,
  "avg_profit_per_bet": 0.0565606557377048,
  "max_drawdown": 107.74480000000001,
  "sharpe_ratio": 0.009922000140461707,
  "sortino_ratio": 0.026331504901051676,
  "profit_factor": 0.9582895927601811,
  "calmar_ratio": 4.9831616718796356e-05,
  "volatility": 41.72787685333899,
  "avg_bet_size": 10.53448087431694,
  "bet_frequency": 7.32,
  "max_consecutive_losses": 10,
  "action_distribution": {
    "Away": {
      "BetAmount": 45,
      "Won": 16,
      "Profit": 36.58
    },
    "Home": {
      "BetAmount": 18,
      "Won": 9,
      "Profit": 22.650000000000006
    },
    "No Bet": {
      "BetAmount": 42,
      "Won": 0,
      "Profit": 0.0
    },
    "Over": {
      "BetAmount": 104,
      "Won": 58,
      "Profit": -120.91999999999999
    },
    "Under": {
      "BetAmount": 16,
      "Won": 7,
      "Profit": 15.6
    }
  },
  "composite_score": 0.13274120478119578
}