{
  "experiment_id": 5,
  "params": {
    "confidence_threshold": 0.55,
    "min_edge_required": 0.0,
    "max_bet_rate": 0.4,
    "max_bet_amount": 10,
    "use_kelly_criterion": true,
    "kelly_fraction": 0.25,
    "no_bet_reward_multiplier": 0.5,
    "draw_penalty_multiplier": 1.5,
    "global_timesteps": 1000000,
    "learning_rate": 0.0001
  },
  "success": true,
  "roi": -0.031237113402061846,
  "winrate": 0.4896907216494845,
  "total_profit": -60.59999999999998,
  "total_invested": 1940.0,
  "total_bets": 194,
  "total_wins": 95,
  "avg_profit_per_bet": -0.31237113402061845,
  "max_drawdown": 111.9,
  "sharpe_ratio": -0.10304697300453622,
  "sortino_ratio": -0.1661865879545595,
  "profit_factor": 0.8946557659208263,
  "calmar_ratio": 0,
  "volatility": 23.523252836289462,
  "avg_bet_size": 10.0,
  "bet_frequency": 7.76,
  "max_consecutive_losses": 11,
  "action_distribution": {
    "Away": {
      "BetAmount": 37,
      "Won": 18,
      "Profit": 19.510000000000005
    },
    "Home": {
      "BetAmount": 20,
      "Won": 8,
      "Profit": -52.2
    },
    "No Bet": {
      "BetAmount": 31,
      "Won": 0,
      "Profit": 0.0
    },
    "Over": {
      "BetAmount": 69,
      "Won": 41,
      "Profit": -77.56
    },
    "Under": {
      "BetAmount": 68,
      "Won": 28,
      "Profit": -12.15999999999999
    }
  },
  "composite_score": 0.10980162142292789
}